parameter,value,trackit
"uinit",0
"vinit",0
"Dinit",100
"ss1init",1
"ss2init",5
"ss3init",1
"rhoinit",0.01
"bsstinit",0
"sssstinit",0.01
"radinit",200
"dep1init",0
"dep2init",0
"phi1init",60
"phi2init",10
"phi3init",10
"phi4init",10
"phi5init",10
"phi6init",10
"phi7init",10
"phi8init",10
"phi9init",10
"phi10init",10
"phi11init",10
"phi12init",10
"phi13init",10
"phi14init",10
"phi15init",10
"uph",-1
"vph",-1
"Dph",2
"ss1ph",2
"ss2ph",2
"ss3ph",2
"rhoph",3
"bsstph",-1
"sssstph",2
"radph",-1
"dep1ph",-1
"dep2ph",-1
"phiph",1
"nlogL",5776.09
"maxgradcomp",4.81154e-05
